much, 10
and, 9
less, 8
one, 6
far, 6
this, 5
that, 5
jeez, 4
well, 4
however, 4
dear, 4
yikes, 3
crud, 3
more, 3
some, 3
a, 3
until, 3
buffalo, 2
alas, 2
in, 2
jeepers, 2
hey, 2
but, 2
inventoried, 2
because, 2
since, 2
excepting, 2
misspelled, 2
goodness, 2
by, 2
favorable, 1
upon, 1
wombat, 1
nicely, 1
apart, 1
gave, 1
unproductively, 1
excruciatingly, 1
like, 1
single-mindedly, 1
the, 1
moaned, 1
into, 1
over, 1
droll, 1
ouch, 1
slight, 1
gull, 1
grew, 1
proved, 1
beat, 1
cackled, 1
wasp, 1
suitable, 1
knowing, 1
outside, 1
absentmindedly, 1
bound, 1
near, 1
fatefully, 1
wept, 1
therefore, 1
falcon, 1
sardonically, 1
forbade, 1
scallop, 1
gorilla, 1
lizard, 1
jay, 1
wow, 1
forsook, 1
maliciously, 1
academic, 1
then, 1
sensational, 1
bald, 1
balked, 1
cuddled, 1
rid, 1
fallible, 1
stupid, 1
orca, 1
articulate, 1
affectingly, 1
flamingo, 1
delightful, 1
guiltily, 1
cuffed, 1
abusively, 1
tarantula, 1
dug, 1
hello, 1
macaw, 1
llama, 1
quietly, 1
tolerably, 1
opposite, 1
toucan, 1
accidentally, 1
gerbil, 1
thus, 1
insanely, 1
contagiously, 1
consoled, 1
adamant, 1
moth, 1
away, 1
gazed, 1
supportive, 1
yet, 1
busy, 1
horrendously, 1
for, 1
deservedly, 1
understood, 1
fox, 1
additional, 1
flew, 1
winsomely, 1
astride, 1
locked, 1
quit, 1
serenely, 1
stern, 1
on, 1
sexually, 1
dalmatian, 1
slowly, 1
involuntary, 1
beguiling, 1
out, 1
so, 1
inversely, 1
melodious, 1
erotically, 1
lobster, 1
sloth, 1
aboard, 1
along, 1
naughty, 1
python, 1
burst, 1
reproachfully, 1
whimsically, 1
globefish, 1
elephant, 1
boa, 1
ladybug, 1
fetching, 1
befell, 1
gosh, 1
dizzily, 1
pertly, 1
owing, 1
among, 1
keenly, 1
mockingly, 1
wolf, 1
input, 1
dimly, 1
sewed, 1
kookaburra, 1
cuttingly, 1
returned, 1
strode, 1
valiant, 1
inescapably, 1
without, 1
manfully, 1
held, 1
krill, 1
concretely, 1
cassowary, 1
wherever, 1
bandicoot, 1
bee, 1
